{"mapparm": [-1.0213225297554214, 8.774086680214187e-05], "coef": [-0.05579916780826517, -0.0928925417250309, -0.03720739835013541]}