{"mapparm": [-1.0168067226890756, 0.01680672268907563], "coef": [13595.67837421132, 11600.014173796379, -1762.874058680365]}