{"mapparm": [-1.0168067226890756, 0.01680672268907563], "coef": [13595.67837421132, 11600.014173796373, -1762.8740586803688]}